{"cameraMode":{"drawMode":0,"name":"Shaded","section":"Shading Mode"},"sceneLighting":false,"audioPlay":false,"sceneViewState":{"m_AlwaysRefresh":false,"showFog":true,"showSkybox":true,"showFlares":true,"showImageEffects":true,"showParticleSystems":true,"showVisualEffectGraphs":true,"m_FxEnabled":true},"in2DMode":false,"pivot":{"x":-1.5597496032714844,"y":2.3756728172302248,"z":0.20225238800048829},"rotation":{"x":-0.06894810497760773,"y":0.8984904289245606,"z":-0.15266893804073335,"w":-0.40577495098114016},"size":10.48316478729248,"orthographic":false}